Title,Price,Date,Image
Opel Crossland 2021,"990,000 EGP",date_range2024-09-23,https://media.hatla2eestatic.com/images/general/ico_waiting-320.gif
Speranza A113 2014,"230,000 EGP",date_range2024-09-23,https://media.hatla2eestatic.com/images/general/ico_waiting-320.gif
Volkswagen Passat 2017,"1,285,000 EGP",date_range2024-09-23,https://media.hatla2eestatic.com/images/general/ico_waiting-320.gif
MG RX5 Plus 2024,"1,500,000 EGP",date_range2024-09-23,https://media.hatla2eestatic.com/images/general/ico_waiting-320.gif
Chery Tiggo 3 2023,"775,000 EGP",date_range2024-09-23,https://media.hatla2eestatic.com/images/general/ico_waiting-320.gif
Chevrolet Aveo 2017,"467,000 EGP",date_range2024-09-23,https://media.hatla2eestatic.com/images/general/ico_waiting-320.gif
Toyota Corolla 2022,"1,150,000 EGP",date_range2024-09-23,https://media.hatla2eestatic.com/images/general/ico_waiting-320.gif
Volkswagen Passat 2007Verified User,"615,000 EGP",date_range2024-09-23,https://media.hatla2eestatic.com/images/general/ico_waiting-320.gif
Suzuki Sx4 2008Verified User,"450,000 EGP",date_range2024-09-23,https://media.hatla2eestatic.com/images/general/ico_waiting-320.gif
Renault Duster 2017,"685,000 EGP",date_range2024-09-23,https://media.hatla2eestatic.com/images/general/ico_waiting-320.gif
Renault Logan 2021,"590,000 EGP",date_range2024-09-23,https://media.hatla2eestatic.com/images/general/ico_waiting-320.gif
Suzuki Sx4 2009,"362,000 EGP",date_range2024-09-23,https://media.hatla2eestatic.com/images/general/ico_waiting-320.gif
Toyota Fortuner 2022,"3,050,000 EGP",date_range2024-09-23,https://media.hatla2eestatic.com/images/general/ico_waiting-320.gif
Toyota Corolla 2024,"1,680,000 EGP",date_range2024-09-23,https://media.hatla2eestatic.com/images/general/ico_waiting-320.gif
Kia Ceed 2019,"850,000 EGP",date_range2024-09-23,https://media.hatla2eestatic.com/images/general/ico_waiting-320.gif
Mitsubishi Lancer EX Shark 2018,"765,000 EGP",date_range2024-09-23,https://media.hatla2eestatic.com/images/general/ico_waiting-320.gif
Toyota Corolla 2022,"1,330,000 EGP",date_range2024-09-23,https://media.hatla2eestatic.com/images/general/ico_waiting-320.gif
Fiat Tipo 2024,"1,150,000 EGP",date_range2024-09-23,https://media.hatla2eestatic.com/images/general/ico_waiting-320.gif
BMW X3 2018Verified User,"1,980,000 EGP",date_range2024-09-23,https://media.hatla2eestatic.com/images/general/ico_waiting-320.gif
Kia Cerato 2009,"500,000 EGP",date_range2024-09-23,https://media.hatla2eestatic.com/images/general/ico_waiting-320.gif
Audi Q2 2021Verified User,"1,575,000 EGP",date_range2024-09-23,https://media.hatla2eestatic.com/images/general/ico_waiting-320.gif
Audi A4 2019Verified User,"1,800,000 EGP",date_range2024-09-23,https://media.hatla2eestatic.com/images/general/ico_waiting-320.gif
Mercedes C 180 2018Verified User,"2,050,000 EGP",date_range2024-09-23,https://media.hatla2eestatic.com/images/general/ico_waiting-320.gif
Renault Duster 2024,"1,300,000 EGP",date_range2024-09-23,https://media.hatla2eestatic.com/images/general/ico_waiting-320.gif
Nissan Sentra 2022,"880,000 EGP",date_range2024-09-23,https://media.hatla2eestatic.com/images/general/ico_waiting-320.gif
Peugeot 3008 2013,"565,000 EGP",date_range2024-09-23,https://media.hatla2eestatic.com/images/general/ico_waiting-320.gif
Renault Sandero Step Way 2023Verified User,"865,000 EGP",date_range2024-09-23,https://media.hatla2eestatic.com/images/general/ico_waiting-320.gif
Changan CS 15 2022Verified User,"700,000 EGP",date_range2024-09-23,https://media.hatla2eestatic.com/images/general/ico_waiting-320.gif
BMW X3 2013,"1,200,000 EGP",date_range2024-09-23,https://media.hatla2eestatic.com/images/general/ico_waiting-320.gif
Toyota Fortuner 2019,"2,980,000 EGP",date_range2024-09-23,https://media.hatla2eestatic.com/images/general/ico_waiting-320.gif
Mercedes C 180 2014,"1,295,000 EGP",date_range2024-09-23,https://media.hatla2eestatic.com/images/general/ico_waiting-320.gif
Peugeot 5008 2022,"1,950,000 EGP",date_range2024-09-23,https://media.hatla2eestatic.com/images/general/ico_waiting-320.gif
Renault Duster 2022Verified User,"1,170,000 EGP",date_range2024-09-23,https://media.hatla2eestatic.com/images/general/ico_waiting-320.gif
Renault Duster 2022Verified User,"1,130,000 EGP",date_range2024-09-23,https://media.hatla2eestatic.com/images/general/ico_waiting-320.gif
Chery Tiggo 3 2022Verified User,"820,000 EGP",date_range2024-09-23,https://media.hatla2eestatic.com/images/general/ico_waiting-320.gif
Renault Duster 2020Verified User,"930,000 EGP",date_range2024-09-23,https://media.hatla2eestatic.com/images/general/ico_waiting-320.gif
Chery Tiggo 8 2022Verified User,"1,200,000 EGP",date_range2024-09-23,https://media.hatla2eestatic.com/images/general/ico_waiting-320.gif
Renault Megane 2023Verified User,"1,395,000 EGP",date_range2024-09-23,https://media.hatla2eestatic.com/images/general/ico_waiting-320.gif
MG 5 2020Verified User,"870,000 EGP",date_range2024-09-23,https://media.hatla2eestatic.com/images/general/ico_waiting-320.gif
Mercedes C 180 2019Verified User,"1,995,000 EGP",date_range2024-09-23,https://media.hatla2eestatic.com/images/general/ico_waiting-320.gif
MG 5 2021,"830,000 EGP",date_range2024-09-23,https://media.hatla2eestatic.com/images/general/ico_waiting-320.gif
Fiat Tipo 2020Verified User,"895,000 EGP",date_range2024-09-23,https://media.hatla2eestatic.com/images/general/ico_waiting-320.gif
Alfa Romeo Giulia 2020Verified User,"1,775,000 EGP",date_range2024-09-23,https://media.hatla2eestatic.com/images/general/ico_waiting-320.gif
Toyota Corolla 2021Verified User,"1,190,000 EGP",date_range2024-09-23,https://media.hatla2eestatic.com/images/general/ico_waiting-320.gif
Toyota Corolla 2020Verified User,"1,120,000 EGP",date_range2024-09-23,https://media.hatla2eestatic.com/images/general/ico_waiting-320.gif
Subaru XV 2021Verified User,"1,360,000 EGP",date_range2024-09-23,https://media.hatla2eestatic.com/images/general/ico_waiting-320.gif
Proton Gen 2 2012,"450,000 EGP",date_range2024-09-23,https://media.hatla2eestatic.com/images/general/ico_waiting-320.gif
Kia Sportage 2024,"2,300,000 EGP",date_range2024-09-23,https://media.hatla2eestatic.com/images/general/ico_waiting-320.gif
Nissan Sunny 2011,"465,000 EGP",date_range2024-09-23,https://media.hatla2eestatic.com/images/general/ico_waiting-320.gif
Chevrolet Cruze 2017,"610,000 EGP",date_range2024-09-23,https://media.hatla2eestatic.com/images/general/ico_waiting-320.gif
Peugeot 301 2014,"475,000 EGP",date_range2024-09-23,https://media.hatla2eestatic.com/images/general/ico_waiting-320.gif
Chery Tiggo 7 pro 2024,-,date_range2024-09-23,https://media.hatla2eestatic.com/images/general/ico_waiting-320.gif
Hyundai Accent RB 2017,"680,000 EGP",date_range2024-09-23,https://media.hatla2eestatic.com/images/general/ico_waiting-320.gif
Fiat Punto evo 2015,"465,000 EGP",date_range2024-09-23,https://media.hatla2eestatic.com/images/general/ico_waiting-320.gif
Volkswagen ID 6 2023,"2,350,000 EGP",date_range2024-09-23,https://media.hatla2eestatic.com/images/general/ico_waiting-320.gif
Nissan Sunny 2018,"460,000 EGP",date_range2024-09-23,https://media.hatla2eestatic.com/images/general/ico_waiting-320.gif
Hyundai Tucson GDI 2020,"1,650,000 EGP",date_range2024-09-23,https://media.hatla2eestatic.com/images/general/ico_waiting-320.gif
Ford Mustang 2017,"1,300,000 EGP",date_range2024-09-23,https://media.hatla2eestatic.com/images/general/ico_waiting-320.gif
Byd F3 2025,"185,000 EGP",date_range2024-09-23,https://media.hatla2eestatic.com/images/general/ico_waiting-320.gif
Suzuki Swift 2024,"885,000 EGP",date_range2024-09-23,https://media.hatla2eestatic.com/images/general/ico_waiting-320.gif
Kia Cerato 2011,"600,000 EGP",date_range2024-09-23,https://media.hatla2eestatic.com/images/general/ico_waiting-320.gif
Toyota Tundra 2024,"1,000,000 EGP",date_range2024-09-23,https://media.hatla2eestatic.com/images/general/ico_waiting-320.gif
Kia Sorento 2024,"1,300,000 EGP",date_range2024-09-23,https://media.hatla2eestatic.com/images/general/ico_waiting-320.gif
Kia Sportage 2023,"2,200,000 EGP",date_range2024-09-23,https://media.hatla2eestatic.com/images/general/ico_waiting-320.gif
Hyundai Tucson GDI 2019,"1,580,000 EGP",date_range2024-09-23,https://media.hatla2eestatic.com/images/general/ico_waiting-320.gif
MG Rx5 2019,"800,000 EGP",date_range2024-09-23,https://media.hatla2eestatic.com/images/general/ico_waiting-320.gif
Mercedes GLC 300 2024Verified User,"5,650,000 EGP",date_range2024-09-23,https://media.hatla2eestatic.com/images/general/ico_waiting-320.gif
Chevrolet Aveo 2015,"455,000 EGP",date_range2024-09-23,https://media.hatla2eestatic.com/images/general/ico_waiting-320.gif
Citroën C Elysee 2023,"880,000 EGP",date_range2024-09-23,https://media.hatla2eestatic.com/images/general/ico_waiting-320.gif
Opel Astra 2019Verified User,"810,000 EGP",date_range2024-09-23,https://media.hatla2eestatic.com/images/general/ico_waiting-320.gif
Nissan Qashqai 2021Verified User,"1,270,000 EGP",date_range2024-09-23,https://media.hatla2eestatic.com/images/general/ico_waiting-320.gif
Renault Kadjar 2019Verified User,"930,000 EGP",date_range2024-09-23,https://media.hatla2eestatic.com/images/general/ico_waiting-320.gif
Kia Sportage 2016,"1,200,000 EGP",date_range2024-09-23,https://media.hatla2eestatic.com/images/general/ico_waiting-320.gif
Toyota Corolla 2008,"610,000 EGP",date_range2024-09-23,https://media.hatla2eestatic.com/images/general/ico_waiting-320.gif
Mitsubishi Lancer EX Shark 2017,"815,000 EGP",date_range2024-09-23,https://media.hatla2eestatic.com/images/general/ico_waiting-320.gif
MG ZS 2024,"1,070,000 EGP",date_range2024-09-23,https://media.hatla2eestatic.com/images/general/ico_waiting-320.gif
Honda City 2006,"325,000 EGP",date_range2024-09-23,https://media.hatla2eestatic.com/images/general/ico_waiting-320.gif
Volkswagen ID 4 2024,"2,350,000 EGP",date_range2024-09-23,https://media.hatla2eestatic.com/images/general/ico_waiting-320.gif
Renault Duster 2019,"750,000 EGP",date_range2024-09-23,https://media.hatla2eestatic.com/images/general/ico_waiting-320.gif
Toyota Corolla 2019,"1,250,000 EGP",date_range2024-09-23,https://media.hatla2eestatic.com/images/general/ico_waiting-320.gif
Mercedes GLA 2021,"2,350,000 EGP",date_range2024-09-23,https://media.hatla2eestatic.com/images/general/ico_waiting-320.gif
Chevrolet Aveo 2012,"350,000 EGP",date_range2024-09-23,https://media.hatla2eestatic.com/images/general/ico_waiting-320.gif
Mercedes C 180 2023,"2,900,000 EGP",date_range2024-09-23,https://media.hatla2eestatic.com/images/general/ico_waiting-320.gif
Renault Logan 2015,"70,000 EGP",date_range2024-09-23,https://media.hatla2eestatic.com/images/general/ico_waiting-320.gif
Suzuki Swift Dzire 2022,"570,000 EGP",date_range2024-09-23,https://media.hatla2eestatic.com/images/general/ico_waiting-320.gif
Chery Arrizo 5 2022,"650,000 EGP",date_range2024-09-23,https://media.hatla2eestatic.com/images/general/ico_waiting-320.gif
Toyota Corolla 2021,"1,340,000 EGP",date_range2024-09-23,https://media.hatla2eestatic.com/images/general/ico_waiting-320.gif
Skoda Kodiaq 2024,"3,175,000 EGP",date_range2024-09-23,https://media.hatla2eestatic.com/images/general/ico_waiting-320.gif
Kia Carens 2013,"775,000 EGP",date_range2024-09-23,https://media.hatla2eestatic.com/images/general/ico_waiting-320.gif
Kia Cerato 2010,"600,000 EGP",date_range2024-09-23,https://media.hatla2eestatic.com/images/general/ico_waiting-320.gif
Jeep Grand Cherokee 2017,"2,550,000 EGP",date_range2024-09-23,https://media.hatla2eestatic.com/images/general/ico_waiting-320.gif
Hyundai Accent RB 2025Verified User,"955,000 EGP",date_range2024-09-23,https://media.hatla2eestatic.com/images/general/ico_waiting-320.gif
Jeep Liberty 2005Verified User,"700,000 EGP",date_range2024-09-23,https://media.hatla2eestatic.com/images/general/ico_waiting-320.gif
Peugeot 508 2019,"1,700,000 EGP",date_range2024-09-23,https://media.hatla2eestatic.com/images/general/ico_waiting-320.gif
Peugeot 307 2007,"470,000 EGP",date_range2024-09-23,https://media.hatla2eestatic.com/images/general/ico_waiting-320.gif
Jeep Cherokee 2010,"950,000 EGP",date_range2024-09-23,https://media.hatla2eestatic.com/images/general/ico_waiting-320.gif
Mitsubishi Lancer Crystala 1999,"250,000 EGP",date_range2024-09-23,https://media.hatla2eestatic.com/images/general/ico_waiting-320.gif
Isuzu D max 2022,"1,700,000 EGP",date_range2024-09-23,https://media.hatla2eestatic.com/images/general/ico_waiting-320.gif
Haval Jolion 2022,"1,000,000 EGP",date_range2024-09-23,https://media.hatla2eestatic.com/images/general/ico_waiting-320.gif
Mercedes C 180 2005,"735,000 EGP",date_range2024-09-23,https://media.hatla2eestatic.com/images/general/ico_waiting-320.gif
Fiat Tipo 2021,"895,000 EGP",date_range2024-09-23,https://media.hatla2eestatic.com/images/general/ico_waiting-320.gif
Audi Q3 2017,"1,400,000 EGP",date_range2024-09-23,https://media.hatla2eestatic.com/images/general/ico_waiting-320.gif
Chevrolet Captiva 2023,"1,350,000 EGP",date_range2024-09-23,https://media.hatla2eestatic.com/images/general/ico_waiting-320.gif
Land Rover Range Rover Sport 2021Verified User,"5,750,000 EGP",date_range2024-09-23,https://media.hatla2eestatic.com/images/general/ico_waiting-320.gif
Mercedes CLA 180 2019,"1,700,000 EGP",date_range2024-09-23,https://media.hatla2eestatic.com/images/general/ico_waiting-320.gif
Hyundai Tucson 2024,"1,900,000 EGP",date_range2024-09-23,https://media.hatla2eestatic.com/images/general/ico_waiting-320.gif
Brilliance H530 2022,"695,000 EGP",date_range2024-09-23,https://media.hatla2eestatic.com/images/general/ico_waiting-320.gif
Changan Eado plus 2022,"750,000 EGP",date_range2024-09-23,https://media.hatla2eestatic.com/images/general/ico_waiting-320.gif
Jac JS4 2024,"1,050,000 EGP",date_range2024-09-23,https://media.hatla2eestatic.com/images/general/ico_waiting-320.gif
Renault Clio 2004,"420,000 EGP",date_range2024-09-23,https://media.hatla2eestatic.com/images/general/ico_waiting-320.gif
Kia Sephia 2002,"178,000 EGP",date_range2024-09-23,https://media.hatla2eestatic.com/images/general/ico_waiting-320.gif
BMW 318 2019,"1,580,000 EGP",date_range2024-09-23,https://media.hatla2eestatic.com/images/general/ico_waiting-320.gif
Chevrolet N300 2017,"350,000 EGP",date_range2024-09-23,https://media.hatla2eestatic.com/images/general/ico_waiting-320.gif
Nissan Sunny 2022,"710,000 EGP",date_range2024-09-23,https://media.hatla2eestatic.com/images/general/ico_waiting-320.gif
MG 6 2022,"1,100,000 EGP",date_range2024-09-23,https://media.hatla2eestatic.com/images/general/ico_waiting-320.gif
MG 5 2022,"870,000 EGP",date_range2024-09-23,https://media.hatla2eestatic.com/images/general/ico_waiting-320.gif
MG 6 2022,"1,100,000 EGP",date_range2024-09-23,https://media.hatla2eestatic.com/images/general/ico_waiting-320.gif
Peugeot 5008 2020,"1,750,000 EGP",date_range2024-09-23,https://media.hatla2eestatic.com/images/general/ico_waiting-320.gif
Hyundai Bayon 2022,"1,170,000 EGP",date_range2024-09-23,https://media.hatla2eestatic.com/images/general/ico_waiting-320.gif
Byd F3 2016,"75,000 EGP",date_range2024-09-23,https://media.hatla2eestatic.com/images/general/ico_waiting-320.gif
Mercedes C 180 2021,"3,400,000 EGP",date_range2024-09-23,https://media.hatla2eestatic.com/images/general/ico_waiting-320.gif
Hyundai Accent RB 2025,"315,000 EGP",date_range2024-09-23,https://media.hatla2eestatic.com/images/general/ico_waiting-320.gif
Jac JS4 2022,"900,000 EGP",date_range2024-09-23,https://media.hatla2eestatic.com/images/general/ico_waiting-320.gif
MG 5 2021,"770,000 EGP",date_range2024-09-23,https://media.hatla2eestatic.com/images/general/ico_waiting-320.gif
Nissan Sunny 2023,"745,000 EGP",date_range2024-09-23,https://media.hatla2eestatic.com/images/general/ico_waiting-320.gif
Hyundai Accent RB 2025,"940,000 EGP",date_range2024-09-23,https://media.hatla2eestatic.com/images/general/ico_waiting-320.gif
MG ZS 2021,"880,000 EGP",date_range2024-09-23,https://media.hatla2eestatic.com/images/general/ico_waiting-320.gif
MG RX5 Plus 2025,"1,625,000 EGP",date_range2024-09-23,https://media.hatla2eestatic.com/images/general/ico_waiting-320.gif
Renault Logan 2017,"425,000 EGP",date_range2024-09-23,https://media.hatla2eestatic.com/images/general/ico_waiting-320.gif
Mitsubishi Lancer EX Shark 2015,"610,000 EGP",date_range2024-09-23,https://media.hatla2eestatic.com/images/general/ico_waiting-320.gif
Nissan Juke 2022,"1,250,000 EGP",date_range2024-09-23,https://media.hatla2eestatic.com/images/general/ico_waiting-320.gif
Byd F3 2011Verified User,"245,000 EGP",date_range2024-09-23,https://media.hatla2eestatic.com/images/general/ico_waiting-320.gif
Skoda Superb 2021,"2,800,000 EGP",date_range2024-09-23,https://media.hatla2eestatic.com/images/general/ico_waiting-320.gif
Hyundai Elantra 2007Verified User,"550,000 EGP",date_range2024-09-23,https://media.hatla2eestatic.com/images/general/ico_waiting-320.gif
Opel Meriva 2016Verified User,"590,000 EGP",date_range2024-09-23,https://media.hatla2eestatic.com/images/general/ico_waiting-320.gif
Daewoo Lanos 2008,"320,000 EGP",date_range2024-09-23,https://media.hatla2eestatic.com/images/general/ico_waiting-320.gif
Chevrolet Aveo 2012,"400,000 EGP",date_range2024-09-23,https://media.hatla2eestatic.com/images/general/ico_waiting-320.gif
Suzuki Baleno 2021,"750,000 EGP",date_range2024-09-23,https://media.hatla2eestatic.com/images/general/ico_waiting-320.gif
Skoda Kodiaq 2024,"3,250,000 EGP",date_range2024-09-23,https://media.hatla2eestatic.com/images/general/ico_waiting-320.gif
Kia Pegas 2020,"650,000 EGP",date_range2024-09-23,https://media.hatla2eestatic.com/images/general/ico_waiting-320.gif
Nissan XTrail 2011,"770,000 EGP",date_range2024-09-23,https://media.hatla2eestatic.com/images/general/ico_waiting-320.gif
Skoda Fantasia 2010,"725,000 EGP",date_range2024-09-23,https://media.hatla2eestatic.com/images/general/ico_waiting-320.gif
Opel Astra 2011,"500,000 EGP",date_range2024-09-23,https://media.hatla2eestatic.com/images/general/ico_waiting-320.gif
Peugeot 301 2022,"650,000 EGP",date_range2024-09-23,https://media.hatla2eestatic.com/images/general/ico_waiting-320.gif
Honda HRV 2023,"1,850,000 EGP",date_range2024-09-23,https://media.hatla2eestatic.com/images/general/ico_waiting-320.gif
Nissan Sunny 2019,"590,000 EGP",date_range2024-09-23,https://media.hatla2eestatic.com/images/general/ico_waiting-320.gif
Skoda Kodiaq 2020,"1,850,000 EGP",date_range2024-09-23,https://media.hatla2eestatic.com/images/general/ico_waiting-320.gif
Volkswagen Passat 2010Verified User,"680,000 EGP",date_range2024-09-23,https://media.hatla2eestatic.com/images/general/ico_waiting-320.gif
MG 6 2022,"890,000 EGP",date_range2024-09-23,https://media.hatla2eestatic.com/images/general/ico_waiting-320.gif
Jac JS4 2024Verified User,"1,100,000 EGP",date_range2024-09-23,https://media.hatla2eestatic.com/images/general/ico_waiting-320.gif
MG One 2025Verified User,"1,700,000 EGP",date_range2024-09-23,https://media.hatla2eestatic.com/images/general/ico_waiting-320.gif
Hyundai Elantra AD 2025Verified User,"1,145,000 EGP",date_range2024-09-23,https://media.hatla2eestatic.com/images/general/ico_waiting-320.gif
MG MG 4 2024Verified User,"1,650,000 EGP",date_range2024-09-23,https://media.hatla2eestatic.com/images/general/ico_waiting-320.gif
Mercedes E 300 2024,"5,700,000 EGP",date_range2024-09-23,https://media.hatla2eestatic.com/images/general/ico_waiting-320.gif
Kia Sportage 2011,"1,000,000 EGP",date_range2024-09-23,https://media.hatla2eestatic.com/images/general/ico_waiting-320.gif
Kia Sportage 2024Verified User,"2,300,000 EGP",date_range2024-09-23,https://media.hatla2eestatic.com/images/general/ico_waiting-320.gif
Opel Astra 2015,"630,000 EGP",date_range2024-09-23,https://media.hatla2eestatic.com/images/general/ico_waiting-320.gif
Jeep Grand Cherokee 2004,"830,000 EGP",date_range2024-09-23,https://media.hatla2eestatic.com/images/general/ico_waiting-320.gif
Mitsubishi Lancer Puma 2014,"495,000 EGP",date_range2024-09-23,https://media.hatla2eestatic.com/images/general/ico_waiting-320.gif
Chevrolet Cruze 2016,"635,000 EGP",date_range2024-09-23,https://media.hatla2eestatic.com/images/general/ico_waiting-320.gif
Mercedes C 200 2024,"4,000,000 EGP",date_range2024-09-23,https://media.hatla2eestatic.com/images/general/ico_waiting-320.gif
Ford EcoSport 2019,"780,000 EGP",date_range2024-09-23,https://media.hatla2eestatic.com/images/general/ico_waiting-320.gif
Opel Mokka 2024,"1,525,000 EGP",date_range2024-09-23,https://media.hatla2eestatic.com/images/general/ico_waiting-320.gif
Mercedes GLS 2023Verified User,"8,500,000 EGP",date_range2024-09-23,https://media.hatla2eestatic.com/images/general/ico_waiting-320.gif
BMW X4 2020,"3,500,000 EGP",date_range2024-09-23,https://media.hatla2eestatic.com/images/general/ico_waiting-320.gif
Renault Megane 2023,"1,425,000 EGP",date_range2024-09-23,https://media.hatla2eestatic.com/images/general/ico_waiting-320.gif
Chevrolet Lanos 2016,"300,000 EGP",date_range2024-09-23,https://media.hatla2eestatic.com/images/general/ico_waiting-320.gif
Changan CS 35 2024,"1,500,000 EGP",date_range2024-09-23,https://media.hatla2eestatic.com/images/general/ico_waiting-320.gif
Hyundai Elantra AD 2017,"775,000 EGP",date_range2024-09-23,https://media.hatla2eestatic.com/images/general/ico_waiting-320.gif
Fiat 500 X 2021,"1,150,000 EGP",date_range2024-09-23,https://media.hatla2eestatic.com/images/general/ico_waiting-320.gif
Citroën C Elysee 2022,"300,000 EGP",date_range2024-09-23,https://media.hatla2eestatic.com/images/general/ico_waiting-320.gif
Hyundai IX 35 2014,"1,035,000 EGP",date_range2024-09-23,https://media.hatla2eestatic.com/images/general/ico_waiting-320.gif
Volkswagen ID 6 2012,"730,000 EGP",date_range2024-09-23,https://media.hatla2eestatic.com/images/general/ico_waiting-320.gif
Kia Carens 2024,"1,650,000 EGP",date_range2024-09-23,https://media.hatla2eestatic.com/images/general/ico_waiting-320.gif
MG Rx5 2022,"1,150,000 EGP",date_range2024-09-23,https://media.hatla2eestatic.com/images/general/ico_waiting-320.gif
Nissan Sunny 2011,"460,000 EGP",date_range2024-09-23,https://media.hatla2eestatic.com/images/general/ico_waiting-320.gif
Skoda Kodiaq 2022,"3,650,000 EGP",date_range2024-09-23,https://media.hatla2eestatic.com/images/general/ico_waiting-320.gif
Chery Arrizo 5 2023Verified User,"290,000 EGP",date_range2024-09-23,https://media.hatla2eestatic.com/images/general/ico_waiting-320.gif
Daewoo Lanos 2007,"260,000 EGP",date_range2024-09-23,https://media.hatla2eestatic.com/images/general/ico_waiting-320.gif
Chery Arrizo 5 2021,"595,000 EGP",date_range2024-09-23,https://media.hatla2eestatic.com/images/general/ico_waiting-320.gif
Chery Tiggo 8 2022,"1,285,000 EGP",date_range2024-09-23,https://media.hatla2eestatic.com/images/general/ico_waiting-320.gif
Kia Cerato 2018,"1,050,000 EGP",date_range2024-09-23,https://media.hatla2eestatic.com/images/general/ico_waiting-320.gif
Chery Tiggo 7 2025,"1,140,000 EGP",date_range2024-09-23,https://media.hatla2eestatic.com/images/general/ico_waiting-320.gif
MG ZS 2022,"900,000 EGP",date_range2024-09-23,https://media.hatla2eestatic.com/images/general/ico_waiting-320.gif
MG ZS 2021,"840,000 EGP",date_range2024-09-23,https://media.hatla2eestatic.com/images/general/ico_waiting-320.gif
Seat Ateca 2018,"1,280,000 EGP",date_range2024-09-23,https://media.hatla2eestatic.com/images/general/ico_waiting-320.gif
Mitsubishi Lancer EX Shark 2015,"770,000 EGP",date_range2024-09-23,https://media.hatla2eestatic.com/images/general/ico_waiting-320.gif
Nissan Qashqai 2022,"1,600,000 EGP",date_range2024-09-23,https://media.hatla2eestatic.com/images/general/ico_waiting-320.gif
Chery Tiggo 7 2022Verified User,"930,000 EGP",date_range2024-09-23,https://media.hatla2eestatic.com/images/general/ico_waiting-320.gif
MG 5 2021,"780,000 EGP",date_range2024-09-23,https://media.hatla2eestatic.com/images/general/ico_waiting-320.gif
